AvgPulse,Ectopic-R,LnRMSSD,NN20,NN50,RMSSD,RMSSD_H,SDNN,SDSD,cadence,distance,fractional_cadence,heart_rate,pNN20,pNN50,timestamp,unknown_134,unknown_144,unknown_87,unknown_108,unknown_143
81,0,0.0,1,0,0.0,0.0,0.0,0.0,0,0.0,0.0,81,100.0,0.0,2025-11-17 15:20:56,,81,0.0,,
81,0,0.0,1,0,0.0,0.0,0.0,0.0,0,0.0,0.0,79,100.0,0.0,2025-11-17 15:20:57,100.0,79,0.0,,
81,0,0.0,1,0,0.0,0.0,0.0,0.0,0,0.0,0.0,80,100.0,0.0,2025-11-17 15:20:58,100.0,80,0.0,,
81,0,0.0,1,0,0.0,0.0,0.0,0.0,0,0.0,0.0,81,100.0,0.0,2025-11-17 15:20:59,100.0,81,0.0,,
82,0,187.63729858398438,2,0,42.63801193237305,0.0,16.263456344604492,4.242640495300293,0,0.0,0.0,85,100.0,0.0,2025-11-17 15:21:00,100.0,85,0.0,1417.0,
84,0,167.07359313964844,3,0,28.260690689086914,0.0,21.825054168701172,11.120552062988281,0,0.0,0.0,86,75.0,0.0,2025-11-17 15:21:01,100.0,86,0.0,1417.0,52.0
84,0,167.07359313964844,3,0,28.260690689086914,0.0,21.825054168701172,11.120552062988281,0,0.0,0.0,87,75.0,0.0,2025-11-17 15:21:02,100.0,87,0.0,1417.0,52.0
85,0,162.41937255859375,3,0,25.74878692626953,0.0,26.804845809936523,10.059822082519531,0,0.0,0.0,87,60.0,0.0,2025-11-17 15:21:03,100.0,87,0.0,1417.0,52.0
85,0,156.8502197265625,3,0,23.03475570678711,0.0,27.500905990600586,12.205190658569336,0,0.0,0.0,87,50.0,0.0,2025-11-17 15:21:04,100.0,87,0.0,1417.0,52.0
86,0,146.30506896972656,3,0,18.65475845336914,0.0,28.938629150390625,11.886033058166504,0,0.0,0.0,87,33.33333206176758,0.0,2025-11-17 15:21:05,,87,0.0,1417.0,52.0
86,0,144.8338165283203,3,0,18.11383819580078,0.0,27.49565315246582,11.207636833190918,0,0.0,0.0,87,30.0,0.0,2025-11-17 15:21:06,100.0,87,0.0,1653.0,52.0
86,0,141.7235107421875,3,0,17.021377563476562,0.0,26.27938461303711,10.60124397277832,0,0.0,0.0,87,25.0,0.0,2025-11-17 15:21:07,100.0,87,0.0,1653.0,52.0
86,0,139.6734161376953,3,0,16.337583541870117,0.0,25.78486442565918,10.43600845336914,0,0.0,0.0,90,23.076923370361328,0.0,2025-11-17 15:21:08,100.0,90,0.0,1653.0,52.0
87,0,153.63909912109375,4,1,21.601917266845703,0.0,27.006521224975586,15.160412788391113,0,0.0,0.0,91,26.66666603088379,6.666666507720947,2025-11-17 15:21:09,100.0,91,0.0,1653.0,52.0
87,0,166.18612670898438,6,2,27.76350975036621,0.0,29.0712947845459,19.678668975830078,0,0.0,0.0,90,35.29411697387695,11.764705657958984,2025-11-17 15:21:10,100.0,90,0.0,1614.0,52.0
87,0,166.18612670898438,6,2,27.76350975036621,0.0,29.0712947845459,19.678668975830078,0,0.0,0.0,89,35.29411697387695,11.764705657958984,2025-11-17 15:21:11,100.0,89,0.0,1614.0,52.0
87,0,164.67861938476562,6,2,26.938928604125977,0.0,30.434608459472656,19.507078170776367,0,0.0,0.0,87,33.33333206176758,11.11111068725586,2025-11-17 15:21:12,100.0,87,0.0,1614.0,52.0
87,0,162.64263916015625,6,2,25.864017486572266,0.0,30.358007431030273,18.61663055419922,0,0.0,0.0,86,30.0,10.0,2025-11-17 15:21:13,100.0,86,0.0,1614.0,52.0
87,0,161.5191192626953,6,2,25.289325714111328,0.0,29.652284622192383,18.239805221557617,0,0.0,0.0,86,28.571428298950195,9.523809432983398,2025-11-17 15:21:14,100.0,86,0.0,1614.0,52.0
87,0,165.63914489746094,8,2,27.461435317993164,0.0,29.592897415161133,18.948394775390625,0,0.0,0.0,86,33.33333206176758,8.333333015441895,2025-11-17 15:21:15,100.0,86,,1614.0,52.0
87,1,181.960693359375,9,3,38.0619010925293,0.0,30.21937370300293,29.16687774658203,0,0.0,0.0,88,36.0,12.0,2025-11-17 15:21:16,100.0,88,0.0,1588.0,52.0
87,0,182.1205291748047,10,3,38.18376541137695,0.0,33.720420837402344,28.772315979003906,0,0.0,0.0,91,38.46154022216797,11.538461685180664,2025-11-17 15:21:17,100.0,91,0.0,1588.0,52.0
87,0,180.8898162841797,11,3,37.255374908447266,0.0,34.76787567138672,28.086483001708984,0,0.0,0.0,92,39.28571319580078,10.714285850524902,2025-11-17 15:21:18,100.0,92,0.0,1588.0,52.0
87,0,180.78475952148438,12,3,37.177181243896484,0.0,34.189002990722656,27.655427932739258,0,0.0,0.0,92,41.379310607910156,10.344827651977539,2025-11-17 15:21:19,100.0,92,0.0,1588.0,52.0
88,0,179.5264892578125,13,3,36.25327682495117,0.0,34.25639343261719,27.08159637451172,0,0.0,0.0,91,41.935482025146484,9.677419662475586,2025-11-17 15:21:20,100.0,91,0.0,1531.0,52.0
88,0,179.5264892578125,13,3,36.25327682495117,0.0,34.25639343261719,27.08159637451172,0,0.0,0.0,87,41.935482025146484,9.677419662475586,2025-11-17 15:21:21,100.0,87,0.0,1531.0,52.0
88,0,179.03993225097656,14,3,35.902198791503906,0.0,33.7557258605957,26.641511917114258,0,0.0,0.0,84,43.75,9.375,2025-11-17 15:21:22,100.0,84,0.0,1531.0,52.0
88,0,186.16189575195312,15,4,41.39822006225586,0.0,38.461795806884766,31.312604904174805,0,0.0,0.0,81,45.45454406738281,12.121212005615234,2025-11-17 15:21:23,100.0,81,0.0,1531.0,52.0
87,0,184.92108154296875,16,4,40.38351821899414,0.0,39.907867431640625,30.41505241394043,0,0.0,0.0,80,44.44444274902344,11.11111068725586,2025-11-17 15:21:24,100.0,80,0.0,1531.0,52.0
87,0,184.92108154296875,16,4,40.38351821899414,0.0,39.907867431640625,30.41505241394043,0,0.0,0.0,79,44.44444274902344,11.11111068725586,2025-11-17 15:21:25,100.0,79,0.0,1531.0,52.0
87,0,186.4242401123047,18,5,41.616004943847656,0.0,48.36153030395508,30.688217163085938,0,0.0,0.0,77,47.3684196472168,13.1578950881958,2025-11-17 15:21:26,100.0,77,0.0,1493.0,52.0
87,0,186.4242401123047,18,5,41.616004943847656,0.0,48.36153030395508,30.688217163085938,0,0.0,0.0,75,47.3684196472168,13.1578950881958,2025-11-17 15:21:27,100.0,75,0.0,1493.0,52.0
86,0,190.46099853515625,20,6,45.115238189697266,0.0,71.58602905273438,32.977691650390625,0,0.0,0.0,74,50.0,15.0,2025-11-17 15:21:28,100.0,74,0.0,1493.0,52.0
86,0,191.24349975585938,21,7,45.82685089111328,0.0,82.69589233398438,33.088096618652344,0,0.0,0.0,73,51.219512939453125,17.073171615600586,2025-11-17 15:21:29,100.0,73,0.0,1493.0,52.0
85,0,190.7449493408203,21,7,45.37217330932617,0.0,90.20885467529297,32.72871017456055,0,0.0,0.0,71,50.0,16.66666603088379,2025-11-17 15:21:30,100.0,71,0.0,1493.0,52.0
85,0,190.7449493408203,21,7,45.37217330932617,0.0,90.20885467529297,32.72871017456055,0,0.0,0.0,69,50.0,16.66666603088379,2025-11-17 15:21:31,100.0,69,0.0,1625.0,52.0
85,0,192.43344116210938,22,8,46.930545806884766,0.0,92.1015853881836,33.56318283081055,0,0.0,0.0,70,51.16279220581055,18.604650497436523,2025-11-17 15:21:32,,70,0.0,1625.0,52.0
85,0,192.8954620361328,23,9,47.3662109375,0.0,96.45594787597656,33.48947525024414,0,0.0,0.0,67,52.272727966308594,20.454545974731445,2025-11-17 15:21:33,100.0,67,0.0,1625.0,52.0
84,0,192.84005737304688,24,9,47.31374740600586,0.0,98.35913848876953,33.154109954833984,0,0.0,0.0,66,53.33333206176758,20.0,2025-11-17 15:21:34,100.0,66,0.0,1625.0,52.0
84,0,194.48690795898438,26,11,48.898075103759766,0.0,98.24851989746094,33.66447830200195,0,0.0,0.0,64,55.319149017333984,23.404254913330078,2025-11-17 15:21:35,100.0,64,0.0,1625.0,52.0
83,0,195.13209533691406,27,12,49.53314208984375,0.0,101.00330352783203,33.75104522705078,0,0.0,0.0,63,56.25,25.0,2025-11-17 15:21:36,100.0,63,0.0,1713.0,52.0
83,0,194.7633056640625,28,12,49.16913986206055,0.0,104.488037109375,33.42168045043945,0,0.0,0.0,62,57.14285659790039,24.489795684814453,2025-11-17 15:21:37,100.0,62,0.0,1713.0,52.0
82,0,194.80198669433594,29,13,49.207183837890625,0.0,105.801513671875,33.14963150024414,0,0.0,0.0,62,58.0,26.0,2025-11-17 15:21:38,100.0,62,0.0,1713.0,52.0
82,0,195.0689239501953,30,14,49.47059631347656,0.0,109.01013946533203,33.00265121459961,0,0.0,0.0,64,58.82352828979492,27.45098114013672,2025-11-17 15:21:39,100.0,64,0.0,1713.0,52.0
82,0,195.27511596679688,31,15,49.67502212524414,0.0,114.27178955078125,32.82625198364258,0,0.0,0.0,65,59.61538314819336,28.846153259277344,2025-11-17 15:21:40,100.0,65,0.0,1713.0,52.0
81,0,195.2246856689453,32,15,49.62493896484375,0.0,117.07524871826172,32.538536071777344,0,0.0,0.0,66,60.377357482910156,28.30188751220703,2025-11-17 15:21:41,100.0,66,0.0,1693.0,52.0
81,0,195.2246856689453,32,15,49.62493896484375,0.0,117.07524871826172,32.538536071777344,0,0.0,0.0,69,60.377357482910156,28.30188751220703,2025-11-17 15:21:42,100.0,69,0.0,1693.0,52.0
81,0,195.4724884033203,33,16,49.87150192260742,0.0,117.75579071044922,32.76528549194336,0,0.0,0.0,69,60.0,29.090909957885742,2025-11-17 15:21:43,100.0,69,0.0,1693.0,52.0
81,0,195.0204620361328,33,16,49.42266845703125,0.0,118.15532684326172,32.73359298706055,0,0.0,0.0,69,58.92856979370117,28.571428298950195,2025-11-17 15:21:44,100.0,69,0.0,1693.0,52.0
80,0,194.56724548339844,35,16,48.976722717285156,0.0,117.08924865722656,32.17765426635742,0,0.0,0.0,69,60.344825744628906,27.586206436157227,2025-11-17 15:21:45,100.0,69,0.0,1693.0,52.0
80,0,194.15072631835938,35,16,48.5704231262207,0.0,116.49564361572266,32.08652877807617,0,0.0,0.0,69,59.3220329284668,27.11864471435547,2025-11-17 15:21:46,100.0,69,0.0,1680.0,52.0
80,0,194.15072631835938,35,16,48.5704231262207,0.0,116.49564361572266,32.08652877807617,0,0.0,0.0,69,59.3220329284668,27.11864471435547,2025-11-17 15:21:47,,69,0.0,1680.0,52.0
80,2,194.15072631835938,35,16,48.5704231262207,0.0,116.49564361572266,32.08652877807617,0,0.0,0.0,69,59.3220329284668,27.11864471435547,2025-11-17 15:21:48,100.0,69,64681.0,1680.0,52.0
80,0,201.50296020507812,37,18,56.264259338378906,0.0,115.42237091064453,39.3317985534668,0,0.0,0.0,69,60.655738830566406,29.508195877075195,2025-11-17 15:21:49,100.0,69,0.0,1680.0,52.0
79,0,201.781494140625,38,19,56.57854080200195,0.0,114.55615234375,39.23390197753906,0,0.0,0.0,70,61.290321350097656,30.645160675048828,2025-11-17 15:21:50,100.0,70,0.0,1680.0,52.0
79,0,201.781494140625,38,19,56.57854080200195,0.0,114.55615234375,39.23390197753906,0,0.0,0.0,70,61.290321350097656,30.645160675048828,2025-11-17 15:21:51,100.0,70,0.0,1671.0,52.0
79,0,201.38536071777344,38,19,56.13204574584961,0.0,113.67198181152344,39.117225646972656,0,0.0,0.0,69,60.31745910644531,30.158729553222656,2025-11-17 15:21:52,100.0,69,0.0,1671.0,52.0
79,0,201.1080322265625,39,19,55.82156753540039,0.0,112.97972106933594,38.82160186767578,0,0.0,0.0,63,60.9375,29.6875,2025-11-17 15:21:53,100.0,63,0.0,1671.0,52.0
79,0,200.4442138671875,40,19,55.08538818359375,0.0,112.24342346191406,38.475772857666016,0,0.0,0.0,62,60.60606002807617,28.787878036499023,2025-11-17 15:21:54,100.0,62,59281.0,1671.0,52.0
78,0,201.60398864746094,41,20,56.3780517578125,0.0,114.01288604736328,39.20750427246094,0,0.0,0.0,62,61.19403076171875,29.850746154785156,2025-11-17 15:21:55,100.0,62,59281.0,1671.0,52.0
78,0,201.60398864746094,41,20,56.3780517578125,0.0,114.01288604736328,39.20750427246094,0,0.0,0.0,61,61.19403076171875,29.850746154785156,2025-11-17 15:21:56,100.0,61,0.0,1744.0,52.0
78,0,202.07879638671875,43,21,56.915958404541016,0.0,117.55520629882812,39.10088348388672,0,0.0,0.0,64,62.31884002685547,30.434782028198242,2025-11-17 15:21:57,100.0,64,0.0,1744.0,52.0
78,0,201.88584899902344,44,21,56.69675064086914,0.0,118.8497543334961,38.81728744506836,0,0.0,0.0,66,62.85714340209961,30.0,2025-11-17 15:21:58,100.0,66,0.0,1744.0,52.0
78,0,201.705810546875,45,21,56.49298095703125,0.0,120.99640655517578,38.53921890258789,0,0.0,0.0,66,63.38028335571289,29.577465057373047,2025-11-17 15:21:59,100.0,66,0.0,1744.0,52.0
77,0,202.91285705566406,46,22,57.87334442138672,0.0,120.74580383300781,39.38275909423828,0,0.0,0.0,65,63.88888931274414,30.55555534362793,2025-11-17 15:22:00,100.0,65,0.0,1744.0,52.0
77,0,202.91285705566406,46,22,57.87334442138672,0.0,120.74580383300781,39.38275909423828,0,0.0,0.0,62,63.88888931274414,30.55555534362793,2025-11-17 15:22:01,100.0,62,0.0,1596.0,52.0
77,0,202.77516174316406,47,22,57.71421432495117,0.0,120.08319091796875,39.109771728515625,0,0.0,0.0,61,64.38356018066406,30.136985778808594,2025-11-17 15:22:02,100.0,61,0.0,1596.0,52.0
77,0,202.44296264648438,47,22,57.332008361816406,0.0,119.50594329833984,39.0094108581543,0,0.0,0.0,61,63.513511657714844,29.7297306060791,2025-11-17 15:22:03,100.0,61,0.0,1596.0,52.0
77,0,203.85531616210938,48,23,58.974571228027344,0.0,120.86257934570312,40.122562408447266,0,0.0,0.0,60,64.0,30.66666603088379,2025-11-17 15:22:04,100.0,60,0.0,1596.0,52.0
76,0,204.0344696044922,50,25,59.18626022338867,0.0,124.6710205078125,39.772560119628906,0,0.0,0.0,59,64.93506622314453,32.467533111572266,2025-11-17 15:22:05,,59,0.0,1596.0,52.0
76,0,204.0344696044922,50,25,59.18626022338867,0.0,124.6710205078125,39.772560119628906,0,0.0,0.0,61,64.93506622314453,32.467533111572266,2025-11-17 15:22:06,100.0,61,0.0,1536.0,52.0
76,0,203.7454071044922,52,26,58.8450813293457,0.0,126.56404876708984,39.32927322387695,0,0.0,0.0,62,65.82278442382812,32.91139221191406,2025-11-17 15:22:07,100.0,62,0.0,1536.0,52.0
76,0,203.43145751953125,52,26,58.47676086425781,0.0,128.0408477783203,39.29197692871094,0,0.0,0.0,62,65.0,32.5,2025-11-17 15:22:08,100.0,62,0.0,1536.0,52.0
76,0,204.7962646484375,53,27,60.09492492675781,0.0,127.51422882080078,40.41733169555664,0,0.0,0.0,63,65.43209838867188,33.33333206176758,2025-11-17 15:22:09,100.0,63,0.0,1536.0,52.0
75,0,204.6629638671875,55,28,59.9349250793457,0.0,128.3274383544922,40.03025817871094,0,0.0,0.0,65,66.26506042480469,33.73493957519531,2025-11-17 15:22:10,100.0,65,0.0,1536.0,52.0
75,0,204.6629638671875,55,28,59.9349250793457,0.0,128.3274383544922,40.03025817871094,0,0.0,0.0,65,66.26506042480469,33.73493957519531,2025-11-17 15:22:11,100.0,65,0.0,1575.0,52.0
75,0,204.738037109375,56,29,60.024993896484375,0.0,128.05322265625,39.865142822265625,0,0.0,0.0,62,66.66666412353516,34.52381134033203,2025-11-17 15:22:12,100.0,62,0.0,1575.0,52.0
75,0,204.86831665039062,57,30,60.18157196044922,0.0,127.33170318603516,39.73836898803711,0,0.0,0.0,60,67.05882263183594,35.29411697387695,2025-11-17 15:22:13,100.0,60,0.0,1575.0,52.0
75,0,205.63540649414062,59,32,61.11198043823242,0.0,128.0208282470703,40.059383392333984,0,0.0,0.0,60,67.81609344482422,36.78160858154297,2025-11-17 15:22:14,100.0,60,0.0,1575.0,52.0
75,0,205.63540649414062,59,32,61.11198043823242,0.0,128.0208282470703,40.059383392333984,0,0.0,0.0,60,67.81609344482422,36.78160858154297,2025-11-17 15:22:15,,60,0.0,1523.0,52.0
75,0,205.43101501464844,60,32,60.862667083740234,0.0,129.6802215576172,39.852169036865234,0,0.0,0.0,60,68.18181610107422,36.3636360168457,2025-11-17 15:22:16,100.0,60,0.0,1523.0,52.0
74,0,205.8501739501953,61,33,61.375057220458984,0.0,129.723388671875,39.98164367675781,0,0.0,0.0,60,68.5393295288086,37.078651428222656,2025-11-17 15:22:17,100.0,60,0.0,1523.0,52.0
74,0,205.68212890625,62,33,61.169132232666016,0.0,130.2556915283203,39.76384735107422,0,0.0,0.0,60,68.88888549804688,36.66666793823242,2025-11-17 15:22:18,100.0,60,0.0,1523.0,52.0
74,0,206.0302734375,63,34,61.596534729003906,0.0,129.78631591796875,39.83244705200195,0,0.0,0.0,60,69.23076629638672,37.36263656616211,2025-11-17 15:22:19,100.0,60,0.0,1523.0,52.0
74,0,205.75994873046875,63,34,61.26442337036133,0.0,129.26528930664062,39.807762145996094,0,0.0,0.0,60,68.47826385498047,36.956520080566406,2025-11-17 15:22:20,100.0,60,0.0,1523.0,52.0
74,0,205.5663299560547,64,34,61.02761459350586,0.0,128.9798126220703,39.61489486694336,0,0.0,0.0,60,68.81720733642578,36.559139251708984,2025-11-17 15:22:21,100.0,60,0.0,1448.0,52.0
74,0,205.5663299560547,64,34,61.02761459350586,0.0,128.9798126220703,39.61489486694336,0,0.0,0.0,60,68.81720733642578,36.559139251708984,2025-11-17 15:22:22,,60,0.0,1448.0,52.0
74,0,205.6231231689453,66,35,61.09697341918945,0.0,127.77010345458984,39.370811462402344,0,0.0,0.0,60,69.47368621826172,36.842105865478516,2025-11-17 15:22:23,100.0,60,0.0,1448.0,52.0
73,0,205.543212890625,67,36,60.99939727783203,0.0,127.31586456298828,39.165771484375,0,0.0,0.0,60,69.79166412353516,37.5,2025-11-17 15:22:24,100.0,60,0.0,1448.0,52.0
73,0,205.0811309814453,68,36,60.438262939453125,0.0,126.47693634033203,38.94696044921875,0,0.0,0.0,60,69.38775634765625,36.73469543457031,2025-11-17 15:22:25,100.0,60,0.0,1448.0,52.0
73,2,205.0811309814453,68,36,60.438262939453125,0.0,126.47693634033203,38.94696044921875,0,0.0,0.0,60,69.38775634765625,36.73469543457031,2025-11-17 15:22:26,100.0,60,0.0,1438.0,52.0
73,0,205.0811309814453,68,36,60.438262939453125,0.0,126.47693634033203,38.94696044921875,0,0.0,0.0,61,69.38775634765625,36.73469543457031,2025-11-17 15:22:27,100.0,61,,1438.0,52.0
73,0,205.0811309814453,68,36,60.438262939453125,0.0,126.47693634033203,38.94696044921875,0,0.0,0.0,61,69.38775634765625,36.73469543457031,2025-11-17 15:22:28,100.0,61,0.0,1438.0,52.0
73,0,206.08804321289062,70,38,61.66773986816406,0.0,128.0185089111328,39.59872055053711,0,0.0,0.0,61,69.30693054199219,37.62376403808594,2025-11-17 15:22:29,100.0,61,,1438.0,52.0
73,0,206.51405334472656,71,39,62.195396423339844,0.0,127.80802154541016,39.77621841430664,0,0.0,0.0,61,69.60784149169922,38.235294342041016,2025-11-17 15:22:30,100.0,61,,1438.0,52.0
73,0,206.50473022460938,72,40,62.18378829956055,0.0,128.2165069580078,39.60284423828125,0,0.0,0.0,61,69.90291595458984,38.83495330810547,2025-11-17 15:22:31,100.0,61,,1352.0,52.0
73,0,206.50473022460938,72,40,62.18378829956055,0.0,128.2165069580078,39.60284423828125,0,0.0,0.0,62,69.90291595458984,38.83495330810547,2025-11-17 15:22:32,100.0,62,,1352.0,52.0
72,0,206.41253662109375,73,40,62.06925582885742,0.0,129.28326416015625,39.41033172607422,0,0.0,0.0,66,70.19230651855469,38.46154022216797,2025-11-17 15:22:33,100.0,66,,1352.0,52.0
72,0,206.5611114501953,74,41,62.25397491455078,0.0,129.29844665527344,39.33900833129883,0,0.0,0.0,67,70.47618865966797,39.0476188659668,2025-11-17 15:22:34,100.0,67,,1352.0,52.0
72,0,206.1400604248047,75,41,61.7319221496582,0.0,128.7679901123047,39.14013671875,0,0.0,0.0,68,70.09346008300781,38.31775665283203,2025-11-17 15:22:35,100.0,68,,1352.0,52.0
72,0,206.1198272705078,76,42,61.706947326660156,0.0,128.1919708251953,38.97248840332031,0,0.0,0.0,68,70.37036895751953,38.88888931274414,2025-11-17 15:22:36,100.0,68,,1334.0,52.0
72,0,205.6608428955078,76,42,61.14308547973633,0.0,127.0760498046875,39.0474967956543,0,0.0,0.0,67,69.09091186523438,38.181819915771484,2025-11-17 15:22:37,100.0,67,8756.0,1334.0,52.0
72,0,205.573486328125,77,42,61.03635025024414,0.0,126.73400115966797,38.86975860595703,0,0.0,0.0,66,69.36936950683594,37.83783721923828,2025-11-17 15:22:38,100.0,66,8756.0,1334.0,52.0
72,0,205.75411987304688,78,43,61.25724792480469,0.0,126.1618881225586,38.836585998535156,0,0.0,0.0,66,69.64286041259766,38.39285659790039,2025-11-17 15:22:39,100.0,66,8756.0,1334.0,52.0
72,0,205.80589294433594,79,44,61.32073211669922,0.0,125.7548599243164,38.71249008178711,0,0.0,0.0,66,69.91150665283203,38.938053131103516,2025-11-17 15:22:40,,66,8756.0,1334.0,52.0
72,0,206.12484741210938,80,45,61.71315383911133,0.0,126.11641693115234,38.80928039550781,0,0.0,0.0,66,70.1754379272461,39.47368240356445,2025-11-17 15:22:41,100.0,66,8756.0,1362.0,52.0
72,0,206.12484741210938,80,45,61.71315383911133,0.0,126.11641693115234,38.80928039550781,0,0.0,0.0,66,70.1754379272461,39.47368240356445,2025-11-17 15:22:42,100.0,66,8756.0,1362.0,52.0
72,0,206.4563446044922,81,46,62.12367248535156,0.0,125.69880676269531,38.921539306640625,0,0.0,0.0,66,70.43478393554688,40.0,2025-11-17 15:22:43,100.0,66,8756.0,1362.0,52.0
72,0,206.238525390625,81,46,61.853614807128906,0.0,125.27220916748047,38.978614807128906,0,0.0,0.0,66,69.82758331298828,39.655174255371094,2025-11-17 15:22:44,100.0,66,8756.0,1362.0,52.0
72,0,205.94241333007812,83,46,61.48837661743164,0.0,124.60092163085938,38.68263244628906,0,0.0,0.0,66,70.33898162841797,38.98305130004883,2025-11-17 15:22:45,100.0,66,8756.0,1362.0,52.0
72,0,205.8291473388672,84,46,61.34923553466797,0.0,124.07897186279297,38.521785736083984,0,0.0,0.0,66,70.5882339477539,38.655460357666016,2025-11-17 15:22:46,100.0,66,8756.0,1499.0,52.0
72,0,205.70806884765625,85,46,61.20086669921875,0.0,123.65631103515625,38.36577224731445,0,0.0,0.0,67,70.83333587646484,38.33333206176758,2025-11-17 15:22:47,100.0,67,8756.0,1499.0,52.0
72,2,205.70806884765625,85,46,61.20086669921875,0.0,123.65631103515625,38.36577224731445,0,0.0,0.0,69,70.83333587646484,38.33333206176758,2025-11-17 15:22:48,100.0,69,8756.0,1499.0,52.0
72,0,209.3119354248047,86,47,65.77493286132812,0.0,123.14002227783203,43.27304458618164,0,0.0,0.0,69,71.07437896728516,38.84297561645508,2025-11-17 15:22:49,100.0,69,8756.0,1499.0,52.0
72,0,208.91127014160156,86,47,65.24996185302734,0.0,122.13067626953125,43.20309066772461,0,0.0,0.0,70,69.918701171875,38.21138381958008,2025-11-17 15:22:50,100.0,70,8756.0,1590.0,52.0
72,0,208.7372589111328,87,47,65.02326202392578,0.0,121.67357635498047,43.079715728759766,0,0.0,0.0,70,70.16129302978516,37.90322494506836,2025-11-17 15:22:51,100.0,70,8756.0,1590.0,52.0
72,0,208.7372589111328,87,47,65.02326202392578,0.0,121.67357635498047,43.079715728759766,0,0.0,0.0,70,70.16129302978516,37.90322494506836,2025-11-17 15:22:52,100.0,70,8756.0,1590.0,52.0
72,0,208.5970458984375,88,47,64.84117889404297,0.0,121.1820297241211,42.92023849487305,0,0.0,0.0,70,70.4000015258789,37.599998474121094,2025-11-17 15:22:53,100.0,70,8756.0,1590.0,52.0
72,0,208.40435791015625,88,47,64.59176635742188,0.0,120.70310974121094,42.864437103271484,0,0.0,0.0,70,69.84127044677734,37.30158615112305,2025-11-17 15:22:54,100.0,70,8756.0,1590.0,52.0
71,0,210.61541748046875,90,48,67.51219940185547,0.0,122.07588958740234,45.62163543701172,0,0.0,0.0,70,70.3125,37.5,2025-11-17 15:22:55,100.0,70,8756.0,1590.0,52.0
71,0,210.4200439453125,90,48,67.24889373779297,0.0,123.87329864501953,45.61985778808594,0,0.0,0.0,69,69.76744079589844,37.20930099487305,2025-11-17 15:22:56,100.0,69,0.0,1571.0,52.0
71,0,210.4200439453125,90,48,67.24889373779297,0.0,123.87329864501953,45.61985778808594,0,0.0,0.0,68,69.76744079589844,37.20930099487305,2025-11-17 15:22:57,100.0,68,0.0,1571.0,52.0
71,0,210.73338317871094,91,49,67.67169189453125,0.0,124.16141510009766,45.74418640136719,0,0.0,0.0,68,70.0,37.69230651855469,2025-11-17 15:22:58,100.0,68,0.0,1571.0,52.0
71,0,210.42323303222656,92,49,67.2531967163086,0.0,125.45474243164062,45.537322998046875,0,0.0,0.0,64,69.69696807861328,37.121212005615234,2025-11-17 15:22:59,100.0,64,0.0,1571.0,52.0
71,0,210.42323303222656,92,49,67.2531967163086,0.0,125.45474243164062,45.537322998046875,0,0.0,0.0,64,69.69696807861328,37.121212005615234,2025-11-17 15:23:00,100.0,64,0.0,1571.0,52.0
71,0,210.30137634277344,94,50,67.08949279785156,0.0,125.11653900146484,45.213077545166016,0,0.0,0.0,64,70.14925384521484,37.31343460083008,2025-11-17 15:23:01,100.0,64,0.0,1441.0,52.0
71,0,210.30137634277344,94,50,67.08949279785156,0.0,125.11653900146484,45.213077545166016,0,0.0,0.0,63,70.14925384521484,37.31343460083008,2025-11-17 15:23:02,100.0,63,0.0,1441.0,52.0
71,0,210.12010192871094,94,50,66.84672546386719,0.0,124.76568603515625,45.15880584716797,0,0.0,0.0,63,69.62963104248047,37.03703689575195,2025-11-17 15:23:03,100.0,63,0.0,1441.0,52.0
71,0,209.9412841796875,94,50,66.60808563232422,0.0,124.47017669677734,45.09762954711914,0,0.0,0.0,63,69.11764526367188,36.764705657958984,2025-11-17 15:23:04,100.0,63,0.0,1441.0,52.0
71,0,209.8968048095703,95,51,66.5488510131836,0.0,124.01993560791016,44.93833923339844,0,0.0,0.0,63,69.34306335449219,37.22627639770508,2025-11-17 15:23:05,100.0,63,0.0,1433.0,52.0
71,0,209.87850952148438,97,52,66.52449035644531,0.0,123.93660736083984,44.7611083984375,0,0.0,0.0,63,69.78417205810547,37.410072326660156,2025-11-17 15:23:06,100.0,63,0.0,1433.0,52.0
71,0,209.849853515625,98,53,66.48638153076172,0.0,123.63117980957031,44.61126708984375,0,0.0,0.0,63,70.0,37.85714340209961,2025-11-17 15:23:07,100.0,63,0.0,1433.0,52.0
71,0,209.67649841308594,98,53,66.25627136230469,0.0,123.37940216064453,44.56145095825195,0,0.0,0.0,63,69.50354766845703,37.588653564453125,2025-11-17 15:23:08,100.0,63,0.0,1433.0,52.0
71,0,209.5603485107422,99,53,66.1025390625,0.0,123.3515853881836,44.41085433959961,0,0.0,0.0,64,69.71830749511719,37.323944091796875,2025-11-17 15:23:09,100.0,64,0.0,1433.0,52.0
71,0,209.41110229492188,100,53,65.90550231933594,0.0,123.16211700439453,44.29521560668945,0,0.0,0.0,63,69.93006896972656,37.06293869018555,2025-11-17 15:23:10,100.0,63,0.0,1433.0,52.0
71,0,209.4063262939453,101,54,65.89920806884766,0.0,122.75183868408203,44.16114044189453,0,0.0,0.0,62,70.13888549804688,37.5,2025-11-17 15:23:11,100.0,62,0.0,1507.0,52.0
71,0,209.3030242919922,102,54,65.7632064819336,0.0,122.45952606201172,44.0110969543457,0,0.0,0.0,62,70.3448257446289,37.24137878417969,2025-11-17 15:23:12,100.0,62,0.0,1507.0,52.0
71,0,209.20761108398438,103,54,65.63782501220703,0.0,122.39215087890625,43.86079406738281,0,0.0,0.0,63,70.54794311523438,36.98630142211914,2025-11-17 15:23:13,100.0,63,0.0,1507.0,52.0
71,0,209.20761108398438,103,54,65.63782501220703,0.0,122.39215087890625,43.86079406738281,0,0.0,0.0,65,70.54794311523438,36.98630142211914,2025-11-17 15:23:14,100.0,65,0.0,1507.0,52.0
70,0,208.88592529296875,103,54,65.21691131591797,0.0,122.12000274658203,43.7260856628418,0,0.0,0.0,65,69.59459686279297,36.486488342285156,2025-11-17 15:23:15,,65,0.0,1477.0,52.0
70,0,208.75485229492188,104,54,65.04613494873047,0.0,121.8638916015625,43.60094451904297,0,0.0,0.0,65,69.79866027832031,36.24161148071289,2025-11-17 15:23:16,100.0,65,0.0,1477.0,52.0
70,0,208.66542053222656,106,55,64.92991638183594,0.0,121.07573699951172,43.357391357421875,0,0.0,0.0,65,70.19867706298828,36.4238395690918,2025-11-17 15:23:17,100.0,65,0.0,1477.0,52.0
70,1,208.66542053222656,106,55,64.92991638183594,0.0,121.07573699951172,43.357391357421875,0,0.0,0.0,65,70.19867706298828,36.4238395690918,2025-11-17 15:23:18,100.0,65,0.0,1477.0,52.0
70,6,208.66542053222656,106,55,64.92991638183594,0.0,121.07573699951172,43.357391357421875,0,0.0,0.0,66,70.19867706298828,36.4238395690918,2025-11-17 15:23:19,100.0,66,0.0,1477.0,52.0
70,0,209.69483947753906,107,56,66.28056335449219,0.0,120.67437744140625,44.44000244140625,0,0.0,0.0,67,70.39473724365234,36.842105865478516,2025-11-17 15:23:20,100.0,67,0.0,1477.0,52.0
70,0,209.37025451660156,107,56,65.8516845703125,0.0,119.8864974975586,44.40708541870117,0,0.0,0.0,71,69.48052215576172,36.3636360168457,2025-11-17 15:23:21,100.0,71,0.0,1457.0,52.0
70,0,209.23483276367188,108,56,65.673583984375,0.0,119.53584289550781,44.29624557495117,0,0.0,0.0,71,69.67742156982422,36.129032135009766,2025-11-17 15:23:22,100.0,71,0.0,1457.0,52.0
70,0,209.3372039794922,109,57,65.80818176269531,0.0,119.20683288574219,44.245391845703125,0,0.0,0.0,71,69.87179565429688,36.53845977783203,2025-11-17 15:23:23,100.0,71,0.0,1457.0,52.0
70,0,209.3372039794922,109,57,65.80818176269531,0.0,119.20683288574219,44.245391845703125,0,0.0,0.0,71,69.87179565429688,36.53845977783203,2025-11-17 15:23:24,100.0,71,0.0,1457.0,52.0
70,0,209.18719482421875,109,57,65.61103057861328,0.0,118.92989349365234,44.17520523071289,0,0.0,0.0,71,69.42675018310547,36.30573272705078,2025-11-17 15:23:25,100.0,71,0.0,1457.0,52.0
70,0,209.12789916992188,110,58,65.53328704833984,0.0,118.55342864990234,44.035247802734375,0,0.0,0.0,71,69.62025451660156,36.7088623046875,2025-11-17 15:23:26,100.0,71,0.0,1404.0,52.0
70,2,209.12789916992188,110,58,65.53328704833984,0.0,118.55342864990234,44.035247802734375,0,0.0,0.0,66,69.62025451660156,36.7088623046875,2025-11-17 15:23:27,100.0,66,0.0,1404.0,52.0
70,0,209.4247283935547,111,59,65.9234848022461,0.0,118.51921081542969,44.27088928222656,0,0.0,0.0,69,69.375,36.875,2025-11-17 15:23:28,100.0,69,0.0,1404.0,52.0
70,0,209.2924346923828,112,59,65.7492904663086,0.0,118.59976959228516,44.16855239868164,0,0.0,0.0,70,69.56521606445312,36.64596176147461,2025-11-17 15:23:29,100.0,70,0.0,1404.0,52.0
70,0,209.33917236328125,113,60,65.81075286865234,0.0,118.31089782714844,44.080169677734375,0,0.0,0.0,75,69.75308990478516,37.03703689575195,2025-11-17 15:23:30,,75,0.0,1404.0,52.0
70,0,209.6953887939453,114,61,66.28129577636719,0.0,118.05489349365234,44.29719161987305,0,0.0,0.0,75,69.93865203857422,37.42331314086914,2025-11-17 15:23:31,100.0,75,0.0,1369.0,52.0
70,0,209.6953887939453,114,61,66.28129577636719,0.0,118.05489349365234,44.29719161987305,0,0.0,0.0,75,69.93865203857422,37.42331314086914,2025-11-17 15:23:32,100.0,75,0.0,1369.0,52.0
70,0,209.6953887939453,114,61,66.28129577636719,0.0,118.05489349365234,44.29719161987305,0,0.0,0.0,75,69.93865203857422,37.42331314086914,2025-11-17 15:23:33,,75,0.0,1369.0,52.0
70,0,209.67190551757812,115,62,66.25017547607422,0.0,118.09996795654297,44.17079162597656,0,0.0,0.0,75,70.1219482421875,37.80487823486328,2025-11-17 15:23:34,100.0,75,0.0,1369.0,52.0
70,0,209.67190551757812,115,62,66.25017547607422,0.0,118.09996795654297,44.17079162597656,0,0.0,0.0,75,70.1219482421875,37.80487823486328,2025-11-17 15:23:35,100.0,75,0.0,1369.0,52.0
70,1,209.67190551757812,115,62,66.25017547607422,0.0,118.09996795654297,44.17079162597656,0,0.0,0.0,75,70.1219482421875,37.80487823486328,2025-11-17 15:23:36,100.0,75,0.0,1306.0,52.0
70,0,209.62069702148438,116,63,66.1823501586914,0.0,117.93761444091797,44.0374870300293,0,0.0,0.0,75,70.30303192138672,38.181819915771484,2025-11-17 15:23:37,100.0,75,0.0,1306.0,52.0
70,2,209.49600219726562,117,63,66.01749420166016,0.0,118.2314453125,43.934818267822266,0,0.0,0.0,76,70.48192596435547,37.95180892944336,2025-11-17 15:23:38,100.0,76,0.0,1306.0,52.0
71,0,210.4077606201172,120,66,67.23240661621094,0.0,118.20016479492188,44.53361892700195,0,0.0,0.0,81,71.00592041015625,39.053253173828125,2025-11-17 15:23:39,100.0,81,0.0,1306.0,52.0
71,0,210.26022338867188,120,66,67.0343017578125,0.0,118.6259765625,44.53690719604492,0,0.0,0.0,81,70.5882339477539,38.82352828979492,2025-11-17 15:23:40,100.0,81,0.0,1304.0,52.0
71,0,210.11285400390625,120,66,66.83702850341797,0.0,119.05366516113281,44.55687713623047,0,0.0,0.0,81,70.1754379272461,38.596492767333984,2025-11-17 15:23:41,100.0,81,0.0,1304.0,52.0
71,0,209.99391174316406,121,66,66.6781997680664,0.0,119.23699951171875,44.45436096191406,0,0.0,0.0,81,70.34883880615234,38.372093200683594,2025-11-17 15:23:42,100.0,81,0.0,1304.0,52.0
71,2,210.48448181152344,122,67,67.33563232421875,0.0,118.8909683227539,44.855194091796875,0,0.0,0.0,81,70.52023315429688,38.72832489013672,2025-11-17 15:23:43,100.0,81,0.0,1304.0,52.0
71,0,211.1470184326172,123,68,68.23382568359375,0.0,118.62190246582031,45.495094299316406,0,0.0,0.0,82,70.68965148925781,39.08045959472656,2025-11-17 15:23:44,100.0,82,0.0,1304.0,52.0
71,0,211.1470184326172,123,68,68.23382568359375,0.0,118.62190246582031,45.495094299316406,0,0.0,0.0,82,70.68965148925781,39.08045959472656,2025-11-17 15:23:45,100.0,82,0.0,1304.0,52.0
71,0,211.1470184326172,123,68,68.23382568359375,0.0,118.62190246582031,45.495094299316406,0,0.0,0.0,82,70.68965148925781,39.08045959472656,2025-11-17 15:23:46,100.0,82,0.0,1304.0,52.0
71,0,211.0219268798828,125,69,68.0633316040039,0.0,118.83737182617188,45.243507385253906,0,0.0,0.0,82,71.0227279663086,39.20454406738281,2025-11-17 15:23:47,100.0,82,0.0,1304.0,52.0
71,0,211.0219268798828,125,69,68.0633316040039,0.0,118.83737182617188,45.243507385253906,0,0.0,0.0,82,71.0227279663086,39.20454406738281,2025-11-17 15:23:48,100.0,82,0.0,1304.0,52.0
71,1,210.89308166503906,126,69,67.88815307617188,0.0,119.23371124267578,45.170005798339844,0,0.0,0.0,82,71.18643951416016,38.98305130004883,2025-11-17 15:23:49,100.0,82,0.0,1304.0,52.0
71,6,210.89308166503906,126,69,67.88815307617188,0.0,119.23371124267578,45.170005798339844,0,0.0,0.0,83,71.18643951416016,38.98305130004883,2025-11-17 15:23:50,,83,0.0,1263.0,52.0
71,0,210.9503936767578,128,71,67.96603393554688,0.0,118.8816146850586,44.98652267456055,0,0.0,0.0,83,71.50837707519531,39.6648063659668,2025-11-17 15:23:51,100.0,83,0.0,1263.0,52.0
71,0,210.7948760986328,130,71,67.75495147705078,0.0,119.72650146484375,44.74202346801758,0,0.0,0.0,88,71.82320404052734,39.22652053833008,2025-11-17 15:23:52,100.0,88,0.0,1263.0,52.0
71,0,210.67526245117188,131,71,67.59307098388672,0.0,120.53406524658203,44.659034729003906,0,0.0,0.0,89,71.97801971435547,39.010990142822266,2025-11-17 15:23:53,100.0,89,0.0,1263.0,52.0
72,0,210.40467834472656,131,71,67.22826385498047,0.0,122.25143432617188,44.64130783081055,0,0.0,0.0,89,71.1956558227539,38.58695602416992,2025-11-17 15:23:54,100.0,89,0.0,1263.0,52.0
72,0,210.29212951660156,132,71,67.07709503173828,0.0,122.78706359863281,44.549556732177734,0,0.0,0.0,89,71.35134887695312,38.378379821777344,2025-11-17 15:23:55,100.0,89,0.0,1275.0,52.0
72,0,210.29212951660156,132,71,67.07709503173828,0.0,122.78706359863281,44.549556732177734,0,0.0,0.0,89,71.35134887695312,38.378379821777344,2025-11-17 15:23:56,100.0,89,0.0,1275.0,52.0
72,0,210.29212951660156,132,71,67.07709503173828,0.0,122.78706359863281,44.549556732177734,0,0.0,0.0,89,71.35134887695312,38.378379821777344,2025-11-17 15:23:57,100.0,89,0.0,1275.0,52.0
72,0,210.29212951660156,132,71,67.07709503173828,0.0,122.78706359863281,44.549556732177734,0,0.0,0.0,89,71.35134887695312,38.378379821777344,2025-11-17 15:23:58,100.0,89,0.0,1275.0,52.0
72,0,210.29212951660156,132,71,67.07709503173828,0.0,122.78706359863281,44.549556732177734,0,0.0,0.0,87,71.35134887695312,38.378379821777344,2025-11-17 15:23:59,100.0,87,0.0,1275.0,52.0
72,0,210.19358825683594,133,71,66.94503784179688,0.0,123.0308609008789,44.44261932373047,0,0.0,0.0,83,71.50537872314453,38.17204284667969,2025-11-17 15:24:00,100.0,83,0.0,1275.0,52.0
72,0,210.1070098876953,134,71,66.8292236328125,0.0,123.0199966430664,44.32893753051758,0,0.0,0.0,76,71.65775299072266,37.96791458129883,2025-11-17 15:24:01,100.0,76,0.0,1244.0,52.0
72,0,210.41517639160156,136,73,67.24237823486328,0.0,122.45647430419922,44.43666458129883,0,0.0,0.0,76,71.95767211914062,38.62434005737305,2025-11-17 15:24:02,100.0,76,0.0,1244.0,52.0
72,0,210.3112030029297,137,74,67.10266876220703,0.0,121.90524291992188,44.379844665527344,0,0.0,0.0,76,71.72774505615234,38.74345397949219,2025-11-17 15:24:03,100.0,76,0.0,1244.0,52.0
72,0,210.2314453125,138,74,66.99574279785156,0.0,121.63996887207031,44.26747131347656,0,0.0,0.0,75,71.875,38.54166793823242,2025-11-17 15:24:04,100.0,75,0.0,1244.0,52.0
72,0,210.103271484375,138,74,66.82420349121094,0.0,121.39728546142578,44.25131607055664,0,0.0,0.0,75,71.50259399414062,38.34196853637695,2025-11-17 15:24:05,100.0,75,0.0,1223.0,52.0
72,0,209.9734344482422,138,74,66.65089416503906,0.0,121.15840148925781,44.27618408203125,0,0.0,0.0,76,71.13401794433594,38.14432907104492,2025-11-17 15:24:06,100.0,76,0.0,1223.0,52.0
72,0,209.7736053466797,140,74,66.38508605957031,0.0,120.61742401123047,44.086917877197266,0,0.0,0.0,80,71.42857360839844,37.75510025024414,2025-11-17 15:24:07,100.0,80,0.0,1223.0,52.0
72,0,209.66854858398438,141,74,66.24571990966797,0.0,120.45823669433594,44.00099182128906,0,0.0,0.0,81,71.57360076904297,37.563453674316406,2025-11-17 15:24:08,,81,0.0,1223.0,52.0
72,0,209.66854858398438,141,74,66.24571990966797,0.0,120.45823669433594,44.00099182128906,0,0.0,0.0,82,71.57360076904297,37.563453674316406,2025-11-17 15:24:09,100.0,82,0.0,1223.0,52.0
72,0,209.5454864501953,141,74,66.08289337158203,0.0,120.34410858154297,43.96956253051758,0,0.0,0.0,79,71.21212005615234,37.37373733520508,2025-11-17 15:24:10,100.0,79,0.0,1169.0,52.0
72,0,209.31765747070312,142,74,65.78245544433594,0.0,120.41509246826172,43.847816467285156,0,0.0,0.0,80,71.0,37.0,2025-11-17 15:24:11,100.0,80,0.0,1169.0,52.0
72,0,209.1927947998047,142,74,65.61840057373047,0.0,120.50660705566406,43.85264205932617,0,0.0,0.0,80,70.64676666259766,36.815921783447266,2025-11-17 15:24:12,100.0,80,0.0,1169.0,52.0
72,0,208.92398071289062,144,74,65.26656341552734,0.0,120.12474060058594,43.61847686767578,0,0.0,0.0,81,70.5882339477539,36.27450942993164,2025-11-17 15:24:13,,81,0.0,1169.0,52.0
72,0,208.8052978515625,144,74,65.11181640625,0.0,120.11703491210938,43.58577346801758,0,0.0,0.0,81,70.24390411376953,36.09756088256836,2025-11-17 15:24:14,100.0,81,0.0,1169.0,52.0
72,0,208.5736541748047,144,74,64.81085205078125,0.0,119.97826385498047,43.50531768798828,0,0.0,0.0,81,69.56521606445312,35.7487907409668,2025-11-17 15:24:15,100.0,81,0.0,1169.0,52.0
73,0,208.46092224121094,144,74,64.66490936279297,0.0,120.00773620605469,43.453033447265625,0,0.0,0.0,82,69.23076629638672,35.57692337036133,2025-11-17 15:24:16,100.0,82,0.0,1213.0,52.0
73,0,208.3508758544922,144,74,64.5227279663086,0.0,119.9458999633789,43.39412307739258,0,0.0,0.0,82,68.89952087402344,35.406700134277344,2025-11-17 15:24:17,100.0,82,0.0,1213.0,52.0
73,0,208.12440490722656,145,74,64.23113250732422,0.0,119.92313385009766,43.344322204589844,0,0.0,0.0,84,68.72038269042969,35.07109069824219,2025-11-17 15:24:18,100.0,84,0.0,1213.0,52.0
73,0,208.0066680908203,145,74,64.08007049560547,0.0,119.92691802978516,43.334373474121094,0,0.0,0.0,84,68.39622497558594,34.90565872192383,2025-11-17 15:24:19,100.0,84,0.0,1213.0,52.0
73,0,207.79676818847656,146,74,63.8116340637207,0.0,120.07830047607422,43.20478820800781,0,0.0,0.0,86,68.22429656982422,34.57944107055664,2025-11-17 15:24:20,100.0,86,0.0,1213.0,52.0
73,0,207.79676818847656,146,74,63.8116340637207,0.0,120.07830047607422,43.20478820800781,0,0.0,0.0,87,68.22429656982422,34.57944107055664,2025-11-17 15:24:21,100.0,87,0.0,1281.0,52.0
73,0,207.6845703125,146,74,63.66857147216797,0.0,120.16744232177734,43.16550064086914,0,0.0,0.0,86,67.90697479248047,34.41860580444336,2025-11-17 15:24:22,100.0,86,0.0,1281.0,52.0
73,0,207.58599853515625,147,74,63.543209075927734,0.0,120.39659118652344,43.09028625488281,0,0.0,0.0,81,68.05555725097656,34.25925827026367,2025-11-17 15:24:23,100.0,81,0.0,1281.0,52.0
73,0,207.3660430908203,147,74,63.26427459716797,0.0,120.88542938232422,43.00461959838867,0,0.0,0.0,81,67.43119049072266,33.94495391845703,2025-11-17 15:24:24,100.0,81,0.0,1281.0,52.0
73,0,207.41445922851562,148,75,63.32556915283203,0.0,120.43970489501953,43.02006149291992,0,0.0,0.0,81,67.2727279663086,34.09090805053711,2025-11-17 15:24:25,100.0,81,0.0,1281.0,52.0
73,0,207.25018310546875,149,75,63.11785888671875,0.0,120.25872802734375,42.89444351196289,0,0.0,0.0,82,67.11711883544922,33.783782958984375,2025-11-17 15:24:26,100.0,82,0.0,1326.0,52.0
73,0,207.1377716064453,149,75,62.976112365722656,0.0,120.17012786865234,42.89091491699219,0,0.0,0.0,83,66.81614685058594,33.632286071777344,2025-11-17 15:24:27,100.0,83,0.0,1326.0,52.0
73,0,207.0268096923828,149,75,62.83650207519531,0.0,120.05592346191406,42.87393569946289,0,0.0,0.0,83,66.51786041259766,33.48214340209961,2025-11-17 15:24:28,100.0,83,0.0,1326.0,52.0
73,0,206.8223419189453,150,75,62.580081939697266,0.0,120.0425033569336,42.78719711303711,0,0.0,0.0,81,66.3716812133789,33.18584060668945,2025-11-17 15:24:29,100.0,81,0.0,1326.0,52.0
73,0,206.715576171875,150,75,62.44657897949219,0.0,120.10134887695312,42.75052261352539,0,0.0,0.0,81,66.07929229736328,33.03964614868164,2025-11-17 15:24:30,100.0,81,0.0,1357.0,52.0
73,0,206.55198669433594,151,75,62.242591857910156,0.0,119.88395690917969,42.63445281982422,0,0.0,0.0,81,65.9388656616211,32.75109100341797,2025-11-17 15:24:31,100.0,81,0.0,1357.0,52.0
74,0,206.4466552734375,151,75,62.11160659790039,0.0,119.83206176757812,42.59771728515625,0,0.0,0.0,81,65.65217590332031,32.60869598388672,2025-11-17 15:24:32,100.0,81,0.0,1357.0,52.0
74,0,206.4466552734375,151,75,62.11160659790039,0.0,119.83206176757812,42.59771728515625,0,0.0,0.0,83,65.65217590332031,32.60869598388672,2025-11-17 15:24:33,100.0,83,0.0,1357.0,52.0
74,0,206.3395233154297,151,75,61.978675842285156,0.0,119.74896240234375,42.5750617980957,0,0.0,0.0,83,65.36796569824219,32.467533111572266,2025-11-17 15:24:34,100.0,83,0.0,1357.0,52.0
74,0,206.15577697753906,152,75,61.7513427734375,0.0,119.59953308105469,42.44923782348633,0,0.0,0.0,81,65.23605346679688,32.1888427734375,2025-11-17 15:24:35,100.0,81,,1574.0,52.0
74,0,206.0482940673828,152,75,61.61872100830078,0.0,119.5743408203125,42.454498291015625,0,0.0,0.0,83,64.95726776123047,32.0512809753418,2025-11-17 15:24:36,100.0,83,,1574.0,52.0
74,0,205.81295776367188,154,75,61.329376220703125,0.0,119.26419067382812,42.27907180786133,0,0.0,0.0,84,64.9789047241211,31.64556884765625,2025-11-17 15:24:37,100.0,84,,1574.0,52.0
74,0,205.7309112548828,155,75,61.22883605957031,0.0,119.28425598144531,42.20148468017578,0,0.0,0.0,82,65.12605285644531,31.512605667114258,2025-11-17 15:24:38,100.0,82,,1574.0,52.0
74,0,205.63926696777344,156,75,61.1167106628418,0.0,119.40574645996094,42.13736343383789,0,0.0,0.0,82,65.27196502685547,31.380752563476562,2025-11-17 15:24:39,100.0,82,,1574.0,52.0
74,0,205.47280883789062,157,75,60.91356658935547,0.0,119.26702880859375,42.006690979003906,0,0.0,0.0,82,65.14522552490234,31.120332717895508,2025-11-17 15:24:40,,82,,1679.0,52.0
74,0,205.37020874023438,157,75,60.78873062133789,0.0,119.1482925415039,41.98694610595703,0,0.0,0.0,82,64.87602996826172,30.991735458374023,2025-11-17 15:24:41,100.0,82,,1679.0,52.0
74,0,205.2815399169922,158,75,60.6810188293457,0.0,119.10676574707031,41.921485900878906,0,0.0,0.0,77,65.02057647705078,30.86419677734375,2025-11-17 15:24:42,100.0,77,,1679.0,52.0
74,0,205.1789093017578,158,75,60.556575775146484,0.0,119.04922485351562,41.9125862121582,0,0.0,0.0,75,64.75409698486328,30.73770523071289,2025-11-17 15:24:43,100.0,75,,1679.0,52.0
74,0,205.2532196044922,159,76,60.64665222167969,0.0,118.73700714111328,41.976539611816406,0,0.0,0.0,75,64.63414764404297,30.89430809020996,2025-11-17 15:24:44,,75,,1679.0,52.0
74,0,205.17013549804688,160,76,60.54595947265625,0.0,118.5064697265625,41.90624237060547,0,0.0,0.0,77,64.77732849121094,30.769229888916016,2025-11-17 15:24:45,100.0,77,,1679.0,52.0
74,0,205.17013549804688,160,76,60.54595947265625,0.0,118.5064697265625,41.90624237060547,0,0.0,0.0,81,64.77732849121094,30.769229888916016,2025-11-17 15:24:46,100.0,81,,1552.0,52.0
74,0,205.07760620117188,161,77,60.434017181396484,0.0,118.07836151123047,41.838504791259766,0,0.0,0.0,86,64.65863800048828,30.923694610595703,2025-11-17 15:24:47,100.0,86,,1552.0,52.0
74,0,204.98805236816406,161,77,60.32585525512695,0.0,117.90081024169922,41.78089904785156,0,0.0,0.0,88,64.4000015258789,30.799999237060547,2025-11-17 15:24:48,100.0,88,,1552.0,52.0
74,0,204.99301147460938,162,78,60.331851959228516,0.0,118.09911346435547,41.76068115234375,0,0.0,0.0,90,64.28571319580078,30.952381134033203,2025-11-17 15:24:49,100.0,90,,1552.0,52.0
74,0,204.70497131347656,162,78,59.98530197143555,0.0,118.56800842285156,41.69209289550781,0,0.0,0.0,93,63.52941131591797,30.58823585510254,2025-11-17 15:24:50,100.0,93,,1704.0,52.0
74,0,204.61997985839844,163,78,59.88341522216797,0.0,118.85240173339844,41.63104248046875,0,0.0,0.0,91,63.671875,30.46875,2025-11-17 15:24:51,100.0,91,,1704.0,52.0
75,0,204.43136596679688,163,78,59.65794372558594,0.0,119.52444458007812,41.567874908447266,0,0.0,0.0,89,63.17829513549805,30.23255729675293,2025-11-17 15:24:52,100.0,89,,1704.0,52.0
75,0,204.35885620117188,164,78,59.57149887084961,0.0,119.66615295410156,41.494754791259766,0,0.0,0.0,89,63.320465087890625,30.115829467773438,2025-11-17 15:24:53,100.0,89,,1704.0,52.0
75,0,204.17416381835938,164,78,59.35185241699219,0.0,119.84022521972656,41.42239761352539,0,0.0,0.0,88,62.83525085449219,29.88505744934082,2025-11-17 15:24:54,100.0,88,,1704.0,52.0
75,0,204.08518981933594,164,78,59.24631881713867,0.0,120.02014923095703,41.375186920166016,0,0.0,0.0,88,62.595420837402344,29.770992279052734,2025-11-17 15:24:55,100.0,88,,1687.0,52.0
75,0,203.90225219726562,164,78,59.02996063232422,0.0,120.192138671875,41.301761627197266,0,0.0,0.0,88,62.121212005615234,29.545454025268555,2025-11-17 15:24:56,100.0,88,0.0,1687.0,52.0
75,0,203.90225219726562,164,78,59.02996063232422,0.0,120.192138671875,41.301761627197266,0,0.0,0.0,88,62.121212005615234,29.545454025268555,2025-11-17 15:24:57,100.0,88,0.0,1687.0,52.0
75,0,203.80911254882812,164,78,58.92011260986328,0.0,120.28414916992188,41.276634216308594,0,0.0,0.0,89,61.88679122924805,29.433961868286133,2025-11-17 15:24:58,100.0,89,0.0,1687.0,52.0
75,0,203.72445678710938,164,78,58.82041931152344,0.0,120.46297454833984,41.222740173339844,0,0.0,0.0,89,61.654136657714844,29.32330894470215,2025-11-17 15:24:59,100.0,89,0.0,1687.0,52.0
75,0,203.5475311279297,164,78,58.61264419555664,0.0,120.60054779052734,41.142738342285156,0,0.0,0.0,88,61.19403076171875,29.104476928710938,2025-11-17 15:25:00,100.0,88,0.0,1687.0,52.0
75,0,203.4562530517578,164,78,58.50577163696289,0.0,120.68423461914062,41.11418151855469,0,0.0,0.0,88,60.9665412902832,28.99628257751465,2025-11-17 15:25:01,100.0,88,0.0,1794.0,52.0
75,0,203.27122497558594,165,79,58.289642333984375,0.0,120.87039947509766,40.98140335083008,0,0.0,0.0,88,60.661766052246094,29.044116973876953,2025-11-17 15:25:02,100.0,88,0.0,1794.0,52.0
75,0,203.12867736816406,166,79,58.12368392944336,0.0,120.9559555053711,40.90766906738281,0,0.0,0.0,88,60.58394241333008,28.832117080688477,2025-11-17 15:25:03,100.0,88,0.0,1794.0,52.0
75,0,203.11326599121094,167,80,58.105804443359375,0.0,121.24687194824219,40.839134216308594,0,0.0,0.0,88,60.727272033691406,29.090909957885742,2025-11-17 15:25:04,100.0,88,0.0,1794.0,52.0
75,0,203.02224731445312,167,80,58.00009536743164,0.0,121.53679656982422,40.83677673339844,0,0.0,0.0,88,60.50724792480469,28.98550796508789,2025-11-17 15:25:05,100.0,88,0.0,1668.0,52.0
75,1,203.02224731445312,167,80,58.00009536743164,0.0,121.53679656982422,40.83677673339844,0,0.0,0.0,87,60.50724792480469,28.98550796508789,2025-11-17 15:25:06,100.0,87,0.0,1668.0,52.0
76,0,204.47836303710938,168,81,59.714054107666016,0.0,121.32113647460938,42.529319763183594,0,0.0,0.0,85,60.649818420410156,29.24187660217285,2025-11-17 15:25:07,100.0,85,0.0,1668.0,52.0
76,0,204.39915466308594,169,81,59.61952209472656,0.0,121.10210418701172,42.470882415771484,0,0.0,0.0,85,60.79136657714844,29.136690139770508,2025-11-17 15:25:08,100.0,85,0.0,1668.0,52.0
76,0,204.39915466308594,169,81,59.61952209472656,0.0,121.10210418701172,42.470882415771484,0,0.0,0.0,79,60.79136657714844,29.136690139770508,2025-11-17 15:25:09,100.0,79,0.0,1668.0,52.0
76,0,204.23728942871094,170,81,59.42683029174805,0.0,120.67241668701172,42.36491394042969,0,0.0,0.0,76,60.71428680419922,28.928571701049805,2025-11-17 15:25:10,100.0,76,0.0,1545.0,52.0
76,0,204.18255615234375,171,81,59.361812591552734,0.0,120.47303771972656,42.29008483886719,0,0.0,0.0,71,60.85409164428711,28.82562255859375,2025-11-17 15:25:11,100.0,71,0.0,1545.0,52.0
76,0,204.1025848388672,171,81,59.26693344116211,0.0,120.2984848022461,42.23618698120117,0,0.0,0.0,69,60.63829803466797,28.723403930664062,2025-11-17 15:25:12,100.0,69,0.0,1545.0,52.0
76,0,204.24148559570312,173,82,59.431819915771484,0.0,119.98868560791016,42.276981353759766,0,0.0,0.0,68,60.91549301147461,28.873239517211914,2025-11-17 15:25:13,100.0,68,0.0,1545.0,52.0
76,0,204.158203125,173,82,59.33291244506836,0.0,119.92323303222656,42.2343635559082,0,0.0,0.0,68,60.70175552368164,28.771930694580078,2025-11-17 15:25:14,100.0,68,0.0,1545.0,52.0
76,0,204.0739288330078,173,82,59.232994079589844,0.0,119.82444763183594,42.19651794433594,0,0.0,0.0,68,60.48950958251953,28.671329498291016,2025-11-17 15:25:15,100.0,68,0.0,1545.0,52.0
75,0,204.08230590820312,174,83,59.24289321899414,0.0,119.93859100341797,42.14006423950195,0,0.0,0.0,68,60.62717819213867,28.91986083984375,2025-11-17 15:25:16,100.0,68,0.0,1660.0,52.0
75,0,204.15789794921875,175,84,59.33255386352539,0.0,119.79586791992188,42.13071060180664,0,0.0,0.0,68,60.76388931274414,29.16666603088379,2025-11-17 15:25:17,100.0,68,0.0,1660.0,52.0
75,0,204.77630615234375,177,86,60.07094955444336,0.0,119.73455047607422,42.63814163208008,0,0.0,0.0,68,61.034481048583984,29.65517234802246,2025-11-17 15:25:18,100.0,68,0.0,1660.0,52.0
75,0,204.968017578125,178,87,60.30171203613281,0.0,119.56096649169922,42.73876190185547,0,0.0,0.0,69,61.16838455200195,29.896907806396484,2025-11-17 15:25:19,,69,0.0,1660.0,52.0
75,0,204.95033264160156,179,88,60.28036880493164,0.0,119.19229888916016,42.6884765625,0,0.0,0.0,69,61.0921516418457,30.034130096435547,2025-11-17 15:25:20,100.0,69,0.0,1660.0,52.0
75,0,204.93862915039062,180,89,60.266273498535156,0.0,118.99115753173828,42.62285232543945,0,0.0,0.0,67,61.224491119384766,30.27210807800293,2025-11-17 15:25:21,100.0,67,0.0,1540.0,52.0
75,0,204.93862915039062,180,89,60.266273498535156,0.0,118.99115753173828,42.62285232543945,0,0.0,0.0,65,61.224491119384766,30.27210807800293,2025-11-17 15:25:22,100.0,65,0.0,1540.0,52.0
75,0,204.94949340820312,181,90,60.27936553955078,0.0,118.87315368652344,42.56865310668945,0,0.0,0.0,65,61.35593032836914,30.508474349975586,2025-11-17 15:25:23,100.0,65,0.0,1540.0,52.0
75,0,204.87591552734375,182,90,60.19074249267578,0.0,118.8101577758789,42.51331329345703,0,0.0,0.0,68,61.486488342285156,30.405405044555664,2025-11-17 15:25:24,100.0,68,0.0,1540.0,52.0
75,0,204.86721801757812,183,91,60.18024826049805,0.0,118.95153045654297,42.449737548828125,0,0.0,0.0,74,61.61616134643555,30.63973045349121,2025-11-17 15:25:25,100.0,74,0.0,1540.0,52.0
75,0,204.99432373046875,185,92,60.33344268798828,0.0,118.75267791748047,42.472557067871094,0,0.0,0.0,75,61.87290954589844,30.769229888916016,2025-11-17 15:25:26,100.0,75,0.0,1460.0,52.0
75,0,204.85865783691406,187,92,60.169952392578125,0.0,118.38353729248047,42.35346984863281,0,0.0,0.0,77,62.12624740600586,30.56478500366211,2025-11-17 15:25:27,,77,0.0,1460.0,52.0
75,0,204.77777099609375,187,92,60.07268524169922,0.0,118.19964599609375,42.32482147216797,0,0.0,0.0,74,61.920528411865234,30.46357536315918,2025-11-17 15:25:28,100.0,74,0.0,1460.0,52.0
75,0,204.7014923095703,187,92,59.98112106323242,0.0,118.0350341796875,42.28019332885742,0,0.0,0.0,72,61.71617126464844,30.363037109375,2025-11-17 15:25:29,100.0,72,0.0,1460.0,52.0
75,0,204.61892700195312,187,92,59.882171630859375,0.0,117.87376403808594,42.27415466308594,0,0.0,0.0,69,61.51315689086914,30.263158798217773,2025-11-17 15:25:30,100.0,69,0.0,1406.0,52.0
75,0,204.7101287841797,188,93,59.99147415161133,0.0,117.69989013671875,42.28196334838867,0,0.0,0.0,68,61.63934326171875,30.491804122924805,2025-11-17 15:25:31,100.0,68,0.0,1406.0,52.0
75,0,204.86004638671875,189,94,60.17161178588867,0.0,117.77482604980469,42.344905853271484,0,0.0,0.0,67,61.764705657958984,30.71895408630371,2025-11-17 15:25:32,100.0,67,0.0,1406.0,52.0
75,0,205.00357055664062,190,95,60.344600677490234,0.0,117.60271453857422,42.40204620361328,0,0.0,0.0,68,61.889251708984375,30.944625854492188,2025-11-17 15:25:33,100.0,68,0.0,1406.0,52.0
75,0,205.00357055664062,190,95,60.344600677490234,0.0,117.60271453857422,42.40204620361328,0,0.0,0.0,71,61.889251708984375,30.944625854492188,2025-11-17 15:25:34,100.0,71,0.0,1406.0,52.0
75,0,204.8969268798828,192,95,60.216033935546875,0.0,117.46826934814453,42.281005859375,0,0.0,0.0,73,62.135921478271484,30.74433708190918,2025-11-17 15:25:35,100.0,73,0.0,1406.0,52.0
75,0,204.90740966796875,193,96,60.22866439819336,0.0,117.30084228515625,42.229698181152344,0,0.0,0.0,77,62.25806427001953,30.967741012573242,2025-11-17 15:25:36,100.0,77,0.0,1410.0,52.0
75,0,204.90740966796875,193,96,60.22866439819336,0.0,117.30084228515625,42.229698181152344,0,0.0,0.0,78,62.25806427001953,30.967741012573242,2025-11-17 15:25:37,100.0,78,0.0,1410.0,52.0
75,0,204.66172790527344,196,96,59.93342971801758,0.0,116.63177490234375,42.04143524169922,0,0.0,0.0,74,62.42038345336914,30.5732479095459,2025-11-17 15:25:38,100.0,74,0.0,1410.0,52.0
75,0,204.5820770263672,196,96,59.8380241394043,0.0,116.49656677246094,42.036869049072266,0,0.0,0.0,71,62.22222137451172,30.4761905670166,2025-11-17 15:25:39,100.0,71,0.0,1410.0,52.0
75,0,204.7701873779297,197,97,60.06359100341797,0.0,116.34446716308594,42.14142608642578,0,0.0,0.0,67,62.341773986816406,30.696203231811523,2025-11-17 15:25:40,100.0,67,0.0,1410.0,52.0
75,0,204.87646484375,198,98,60.19138717651367,0.0,116.43016052246094,42.165592193603516,0,0.0,0.0,65,62.460567474365234,30.914827346801758,2025-11-17 15:25:41,100.0,65,0.0,1452.0,52.0
75,0,204.8759765625,199,99,60.1907844543457,0.0,116.33426666259766,42.10996627807617,0,0.0,0.0,66,62.578617095947266,31.132076263427734,2025-11-17 15:25:42,100.0,66,0.0,1452.0,52.0
75,0,204.8780975341797,200,100,60.1933479309082,0.0,116.42060089111328,42.05586242675781,0,0.0,0.0,68,62.695926666259766,31.347963333129883,2025-11-17 15:25:43,100.0,68,0.0,1452.0,52.0
75,0,204.8191375732422,201,100,60.12239456176758,0.0,116.63006591796875,41.996177673339844,0,0.0,0.0,70,62.8125,31.25,2025-11-17 15:25:44,100.0,70,0.0,1452.0,52.0
75,0,204.8191375732422,201,100,60.12239456176758,0.0,116.63006591796875,41.996177673339844,0,0.0,0.0,71,62.8125,31.25,2025-11-17 15:25:45,100.0,71,0.0,1452.0,52.0
75,0,204.97215270996094,203,101,60.306671142578125,0.0,116.10846710205078,42.149017333984375,0,0.0,0.0,74,62.848297119140625,31.269350051879883,2025-11-17 15:25:46,100.0,74,0.0,1558.0,52.0
75,0,204.97215270996094,203,101,60.306671142578125,0.0,116.10846710205078,42.149017333984375,0,0.0,0.0,74,62.848297119140625,31.269350051879883,2025-11-17 15:25:47,100.0,74,0.0,1558.0,52.0
75,0,204.9522705078125,204,102,60.282718658447266,0.0,115.95648193359375,42.086647033691406,0,0.0,0.0,72,62.96296310424805,31.481481552124023,2025-11-17 15:25:48,100.0,72,0.0,1558.0,52.0
75,0,204.9821319580078,205,103,60.3187255859375,0.0,115.78594970703125,42.05015182495117,0,0.0,0.0,70,63.07692337036133,31.69230842590332,2025-11-17 15:25:49,100.0,70,0.0,1558.0,52.0
75,0,205.11207580566406,206,104,60.475704193115234,0.0,115.67972564697266,42.09908676147461,0,0.0,0.0,72,63.190185546875,31.901840209960938,2025-11-17 15:25:50,100.0,72,0.0,1558.0,52.0
75,0,205.92544555664062,208,106,61.467525482177734,0.0,115.63677978515625,42.95275115966797,0,0.0,0.0,73,63.414634704589844,32.317073822021484,2025-11-17 15:25:51,,73,0.0,1472.0,52.0
75,0,205.832763671875,210,106,61.353702545166016,0.0,115.3112564086914,42.83001708984375,0,0.0,0.0,73,63.6363639831543,32.121212005615234,2025-11-17 15:25:52,100.0,73,0.0,1472.0,52.0
75,0,205.75892639160156,210,106,61.26314163208008,0.0,115.13806915283203,42.80556106567383,0,0.0,0.0,73,63.44410705566406,32.024169921875,2025-11-17 15:25:53,100.0,73,0.0,1472.0,52.0
75,0,205.63668823242188,212,106,61.113563537597656,0.0,114.8062744140625,42.69819641113281,0,0.0,0.0,76,63.66366195678711,31.831830978393555,2025-11-17 15:25:54,,76,0.0,1472.0,52.0
75,0,205.57730102539062,213,106,61.041019439697266,0.0,114.64122772216797,42.642642974853516,0,0.0,0.0,80,63.77245330810547,31.736526489257812,2025-11-17 15:25:55,100.0,80,0.0,1472.0,52.0
